Method,Avg_Coverage,Std_Coverage,Avg_Width,Std_Width,Avg_Winkler,Std_Winkler,Coverage_MAE
Conformal,0.8055333333333333,0.1708097800255622,5.9147333333333325,3.1031248643600415,10.908333333333333,7.996517256787184,0.14446666666666666
Parametric,0.9222,0.09030915156916744,8.83920002110799,4.986874321448203,11.138466666666664,7.2064659445198105,0.0778
Bootstrap,0.7528,0.2570834217025394,5.819533333333334,2.972118048671367,14.509133333333335,13.803922557771482,0.1937333333333333
